House,Bias,Herbology,Charms,Ancient Runes,Potions,Defense Against the Dark Arts
Gryffindor,-3.4675057801162383,-1.6975480349070706,-0.6147368702453425,2.6574638045985375,-0.9560926166716534,-1.7741953454311743
Hufflepuff,-2.111843363485255,2.4023716470073158,-0.03394933147762136,-2.870696120292566,0.3130709676473546,-2.8865767818777344
Ravenclaw,-2.7305590348575346,0.7259453517082288,2.00779064579937,1.6157169624154266,-0.2552478343932335,1.5483538350035102
Slytherin,-3.5614950319373704,-0.9579791705689387,-1.4968784078262527,-1.972777980170674,1.0398832890202057,2.891114333447662
