House,Bias,Herbology,Charms,Ancient Runes,Potions,Defense Against the Dark Arts
Gryffindor,-3.4675058923599202,-1.6975446636279061,-0.6147354346689148,2.657464379665102,-0.9560911302136406,-1.7741934581729144
Hufflepuff,-2.111841374359337,2.4023720135289395,-0.033949846567262035,-2.8706968337780516,0.3130719371770582,-2.8865782292374917
Ravenclaw,-2.730561072674836,0.72594338311145,2.007789738472632,1.6157154438994712,-0.2552492875546092,1.5483516843792036
Slytherin,-3.5614955072031886,-0.9579807753907384,-1.496880204361055,-1.9727781841822822,1.0398833855000091,2.891114752961159
