House,Bias,Herbology,Charms,Ancient Runes,Potions,Defense Against the Dark Arts
Gryffindor,-1.3220078370150365,-0.7769803033292964,-0.5798407205721736,0.9629618365311368,-0.6108773779086719,-0.5387931183764217
Hufflepuff,-0.7489966640632024,1.0175534020535282,-0.01981207671581595,-1.1913940611037255,-0.1478794905563288,-1.0801748141127008
Ravenclaw,-1.006006499961476,0.509571145965789,1.1135192531120577,0.8969561758187733,0.10825122639478463,0.7837373525989622
Slytherin,-1.3845251816550563,-0.7035224797638979,-0.4912448773699059,-0.696048391827434,0.6644655981316919,0.844906129016987
