House,Bias,Herbology,Charms,Ancient Runes,Potions,Defense Against the Dark Arts
Gryffindor,-1.3220078370150392,-0.7769803033292967,-0.5798407205721723,0.9629618365311342,-0.6108773779086698,-0.5387931183764225
Hufflepuff,-0.7489966640632004,1.0175534020535282,-0.019812076715816508,-1.1913940611037268,-0.14787949055632765,-1.0801748141127017
Ravenclaw,-1.006006499961478,0.5095711459657889,1.113519253112058,0.8969561758187711,0.1082512263947865,0.7837373525989616
Slytherin,-1.384525181655053,-0.7035224797638986,-0.49124487736990535,-0.696048391827437,0.6644655981316948,0.8449061290169863
