House,Bias,Herbology,Charms,Ancient Runes,Potions,Defense Against the Dark Arts
Gryffindor,-3.6368067439846676,-2.341416834124566,0.20298434759309786,2.5796567964434054,-0.9888867280401245,-2.3016009608398837
Hufflepuff,-2.1629417908037,2.4041995942114847,-0.004546595228097394,-2.918912249071145,0.3461166187798907,-2.9675249168582045
Ravenclaw,-2.7455680679863423,0.5890214388662885,2.1754725909262786,1.5496025351748666,-0.3066613350432081,1.501241412506445
Slytherin,-3.705359917981135,0.22200171810937833,-2.835492859685592,-1.55609996297715,1.299697995067252,3.508411297322569
