House,Bias,Herbology,Charms,Ancient Runes,Potions,Defense Against the Dark Arts
Gryffindor,-3.636806743984654,-2.3414168341245696,0.20298434759309772,2.579656796443403,-0.9888867280401233,-2.301600960839884
Hufflepuff,-2.162941790803713,2.404199594211488,-0.004546595228097735,-2.9189122490711443,0.34611661877989086,-2.967524916858204
Ravenclaw,-2.7455680679863343,0.5890214388662879,2.1754725909262795,1.5496025351748655,-0.3066613350432078,1.5012414125064442
Slytherin,-3.7053599179811476,0.22200171810938177,-2.835492859685596,-1.556099962977146,1.299697995067253,3.5084112973225694
