House,Bias,Herbology,Charms,Ancient Runes,Potions,Defense Against the Dark Arts
Gryffindor,-1.2761787522043098,0.0,-1.0391165906732704,0.0,0.0,0.0
Hufflepuff,-0.6365575416509642,0.0,-0.14380865473773372,0.0,0.0,0.0
Ravenclaw,-1.0331502623647841,0.0,1.7394088668585719,0.0,0.0,0.0
Slytherin,-1.2745456101946515,0.0,-0.6220241370132337,0.0,0.0,0.0
